Pa√≠s,Sede,Red Social,URL
Algeria,EARGE,sitio_web,https://earge.cancilleria.gob.ar/
Algeria,EARGE,facebook,https://facebook.com/ArgentinaEnArgelia
Algeria,EARGE,instagram,https://instagram.com/argenargelia
Algeria,EARGE,twitter,https://twitter.com/ARGenArgelia
Angola,EANGO,sitio_web,https://eango.mrecic.gov.ar
Angola,EANGO,instagram,https://www.instagram.com/embargentinaenangola/
Angola,EANGO,facebook,https://www.facebook.com/ArgentinaEnAngola/
Argentina,DIGAC,sitio_web,https://cancilleria.gob.ar
Armenia,EARME,instagram,https://www.instagram.com/arginarmenia/
Armenia,EARME,facebook,https://www.facebook.com/ArgentinaEnArmenia
Armenia,EARME,sitio_web,https://earme.cancilleria.gob.ar
Armenia,EARME,twitter,https://twitter.com/ARGinArmenia
Australia,CSIDN,sitio_web,http://csidn.mrecic.gov.ar
Australia,EAUST,sitio_web,http://eaust.mrecic.gov.ar
Australia,EAUST,twitter,https://twitter.com/ARGinAustralia
Australia,EAUST,facebook,https://www.facebook.com/ArgentinaEnAustralia/
Australia,CSIDN,instagram,https://www.instagram.com/argentinaensydney/
Australia,CSIDN,facebook,https://www.facebook.com/ArgentinaEnSidney/
Austria,ETRIA,sitio_web,https://etria.cancilleria.gob.ar
Austria,ETRIA,instagram,https://www.instagram.com/argenviena/
Austria,ETRIA,twitter,https://twitter.com/ARGenViena
Austria,ETRIA,facebook,https://www.facebook.com/ArgentinaEnAustria/
Azerbaijan,EAZER,twitter,https://www.twitter.com/ARGEnAzer
Azerbaijan,EAZER,instagram,https://www.instagram.com/embargentinaaz
Azerbaijan,EAZER,sitio_web,https://eazer.cancilleria.gob.ar
Azerbaijan,EAZER,facebook,https://www.facebook.com/EmbassyOfArgentina/
Bangladesh,EBANG,otro,https://embajada.argentina.en.bangladesh
Bangladesh,EBANG,otro,https://www.linkedin.com/showcase/argenbangladesh/
Bangladesh,EBANG,sitio_web,https://ebang.cancilleria.gob.ar
Barbados,EBARB,sitio_web,https://ebarb.cancilleria.gob.ar
Barbados,EBARB,facebook,https://www.facebook.com/ArgentinaEnBarbados/
Belgium,ECEUR,facebook,https://www.facebook.com/ARGanteUE
Belgium,ECEUR,otro,https://www.linkedin.com/company/arganteue
Belgium,ECEUR,twitter,https://twitter.com/ARGanteUE
Belgium,ECEUR,youtube,https://www.youtube.com/@ARGanteUE
Belgium,ECEUR,instagram,https://www.instagram.com/arganteue/
Belgium,ECEUR,sitio_web,https://eceur.cancilleria.gob.ar
Belgium,EBELG,sitio_web,http://ebelg.cancilleria.gob.ar
Belgium,EBELG,instagram,https://www.instagram.com/argenbelgica/
Belgium,EBELG,facebook,https://www.facebook.com/ArgentinaEnBelgica/
Bolivia,CSCRS,facebook,https://www.facebook.com/profile.php?id=100069410160459&mibextid=ZbWKwL
Bolivia,CCOCH,facebook,https://www.facebook.com/ArgentinaEnCochabamba/
Bolivia,CCOCH,sitio_web,https://ccoch.cancilleria.gob.ar
Bolivia,CYACU,sitio_web,https://cyacu.cancilleria.gob.ar
Bolivia,CVILL,sitio_web,https://cvill.cancilleria.gob.ar
Bolivia,CVILL,twitter,https://twitter.com/ArgentinaenVill
Bolivia,CVILL,facebook,https://www.facebook.com/ConsuladoArgentinoenVillazon
Bolivia,CTARI,sitio_web,https://ctari.mrecic.gov.ar
Bolivia,CGPAZ,sitio_web,https://cgpaz.cancilleria.gob.ar
Bolivia,CSCRS,instagram,https://www.instagram.com/consuladoargentinoscz
Bolivia,EBOLV,sitio_web,https://ebolv.mrecic.gov.ar
Bolivia,CSCRS,sitio_web,https://cscrs.cancilleria.gob.ar/
Brazil,CRIOJ,facebook,https://www.facebook.com/ArgentinaEnRiodeJaneiro/
Brazil,CFDIG,twitter,https://twitter.com/argentinaenfoz
Brazil,CFDIG,facebook,https://www.facebook.com/ArgentinaEnFozDeIguazu
Brazil,CFDIG,instagram,https://www.instagram.com/argentinaenfoz/
Brazil,CFDIG,sitio_web,https://cfdig.cancilleria.gob.ar
Brazil,CFLOR,facebook,https://www.facebook.com/cflor.mrecic.gov.ar
Brazil,CFLOR,sitio_web,https://cflor.mrecic.gov.ar
Brazil,CALEG,instagram,https://www.instagram.com/argenportoalegre/
Brazil,EBRAS,instagram,https://www.instagram.com/embaargenbrasil
Brazil,CCURI,sitio_web,https://ccuri.cancilleria.gob.ar
Brazil,CCURI,twitter,https://twitter.com/ARGenCuri
Brazil,CCURI,instagram,https://instagram.com/argEncuritiba
Brazil,CCURI,facebook,https://www.facebook.com/ArgEnCuritiba/
Brazil,CRECI,instagram,https://www.instagram.com/consuladoargentinorecife
Brazil,CRECI,facebook,https://www.facebook.com/ArgentinaEnBrasilRecife
Brazil,EBRAS,twitter,https://twitter.com/ArgentinaEnBras
Brazil,EBRAS,facebook,https://www.facebook.com/embargbrasil
Brazil,EBRAS,sitio_web,https://ebras.cancilleria.gob.ar
Brazil,CALEG,facebook,https://www.facebook.com/ArgentinaEnPortoAlegre/
Brazil,CALEG,sitio_web,https://caleg.cancilleria.gob.ar
Brazil,CPABL,sitio_web,https://www.cpabl.mrecic.gov.ar
Brazil,CPABL,otro,https://consuladoargentinosp@gmail.com
Brazil,CSBAH,sitio_web,https://csbah.cancilleria.gob.ar
Brazil,CSBAH,twitter,https://twitter.com/ArgentinaEnSSA
Brazil,CSBAH,facebook,https://www.facebook.com/ArgentinaenSalvador
Brazil,CSBAH,instagram,https://www.instagram.com/argentinaensalvador
Brazil,CRIOJ,sitio_web,https://crioj.cancilleria.gov.ar
Brazil,CBELO,instagram,https://www.instagram.com/consgralbelo/
Brazil,CBELO,twitter,https://twitter.com/consgralbelo
Brazil,CBELO,facebook,https://www.facebook.com/ArgentinaEnBeloHorizonte/
Brazil,CALEG,twitter,https://twitter.com/ArgPortoAlegre
Brazil,CRIOJ,instagram,https://www.instagram.com/consuladoargentinoenrio/
Brazil,CURUG,facebook,https://www.facebook.com/ArgEnUruguayana/
Brazil,CURUG,twitter,https://twitter.com/CURUGoK
Brazil,CURUG,instagram,https://instagram.com/consuladouruguayana
Brazil,CURUG,sitio_web,https://Curug.Cancilleria.gov.ar
Brazil,CRECI,sitio_web,https://creci.mrecic.gov.ar
Bulgaria,EBULG,facebook,https://www.facebook.com/ArgentinaEnBulgaria/
Bulgaria,EBULG,youtube,https://www.youtube.com/channel/UCK-uSxN84lEMqJwCviEjZow
Bulgaria,EBULG,sitio_web,http://ebulg.mrecic.gov.ar
Canada,CMREA,youtube,https://www.youtube.com/@consuladodelarepublicadear8025
Canada,CGVAN,sitio_web,https://cgvan.cancilleria.gob.ar
Canada,CTORO,sitio_web,https://www.ctoro.mrecic.gov.ar
Canada,CTORO,instagram,https://www.instagram.com/consuladoargtoronto/
Canada,CTORO,facebook,https://www.facebook.com/ArgentinaEnToronto/
Canada,ECANA,facebook,https://www.facebook.com/ArgentinaInCanada
Canada,ECANA,youtube,https://www.youtube.com/channel/UC77DGXZ2ppExRtV4WS4IV-A
Canada,ECANA,twitter,https://twitter.com/ArginCanada
Canada,ECANA,instagram,https://www.instagram.com/argentinaincanada/
Canada,ECANA,sitio_web,https://ecana.cancilleria.gob.ar/
Canada,CMREA,sitio_web,https://cmrea.cancilleria.gob.ar
Canada,ECANA,otro,https://www.linkedin.com/company/argentinaincanada
Canada,CMREA,facebook,https://www.facebook.com/ArgentinaEnMontreal
Canada,CMREA,instagram,https://www.instagram.com/consuladoargenmontreal/
Chile,CVALP,facebook,https://www.facebook.com/ArgentinaEnValparaiso
Chile,EHILE,sitio_web,https://ehile.cancilleria.gob.ar
Chile,CAREN,facebook,https://www.facebook.com/profile.php?id=100014152878593
Chile,EHILE,twitter,https://twitter.com/EmbArgEnChile
Chile,CSIGO,twitter,https://www.x.com/ConsuladoCSIGO
Chile,CANTO,sitio_web,https://canto.cancilleria.gob.ar/
Chile,CANTO,instagram,https://www.instagram.com/consulargantofagasta/
Chile,CANTO,facebook,https://www.facebook.com/Consulado-de-la-Rep%C3%BAblica-Argentina-en-Antofagasta-255728465291743/
Chile,CSIGO,sitio_web,https://www.csigo.mrecic.gov.ar
Chile,CAREN,sitio_web,https://caren.cancilleria.gob.ar/
Chile,EHILE,facebook,https://www.facebook.com/EmbArgentinaEnChile
Chile,EHILE,instagram,https://www.instagram.com/embargenchile/
Chile,CPMON,facebook,https://www.facebook.com/ArgentinaEnPuertoMontt/
Chile,CPMON,sitio_web,http://cpmon.mrecic.gov.ar/
Chile,CCONC,sitio_web,http://www.cconc.mrecic.gov.ar/
Chile,CVALP,sitio_web,https://cvalp.cancilleria.gob.ar
Chile,CVALP,instagram,https://www.instagram.com/argenvalparaiso/
China,OCCAT,sitio_web,https://occat.mrecic.gob.ar
China,CBEIJ,sitio_web,https://www.echin.cancilleria.gov.ar
China,ECHIN,sitio_web,https://echin.cancilleria.gob.ar
China,CHONG,sitio_web,https://chong.cancilleria.gob.ar
China,CHONG,instagram,https://www.instagram.com/consuladoargentinohongkong/
China,CHONG,facebook,https://www.facebook.com/ArgEnHongKong
China,CGUAN,sitio_web,https://cguan.cancilleria.gob.ar
China,CSHAN,sitio_web,https://www.cshan.mrecic.gov.ar
Colombia,ECOLO,facebook,https://www.facebook.com/ArgColombia/?ref=bookmarks
Colombia,ECOLO,sitio_web,https://ecolo.cancilleria.gob.ar
Costa Rica,ERICA,sitio_web,https://erica.cancilleria.gob.ar
Costa Rica,ERICA,instagram,https://www.instagram.com/argencostarica/
Costa Rica,ERICA,facebook,https://www.facebook.com/argentinaencostarica/
Cuba,ECUBA,sitio_web,https://www.ecuba.mrecic.gov.ar
Cuba,ECUBA,instagram,https://www.instagram.com/argentinaencuba/
Cuba,ECUBA,facebook,https://www.facebook.com/ArgentinaEnCubaLaHabana/
Czechia,ECHES,facebook,https://www.facebook.com/ArgentinaEnRepCheca/
Czechia,ECHES,instagram,https://www.instagram.com/argentinaenpraga
Czechia,ECHES,sitio_web,https://eches.cancilleria.gob.ar/
Denmark,EDINA,otro,https://www.linkedin.com/company/embajada-de-la-rep-blica-argentina-en-dinamarca
Denmark,EDINA,sitio_web,https://edina.mrecic.gov.ar/
Denmark,EDINA,facebook,https://www.facebook.com/EmbajadadeArgentinaenDinamarca/
Denmark,EDINA,instagram,https://www.instagram.com/argentinaindenmark?igsh=dTI4cDN6NHFpYWM0
Dominican Republic,EDOMI,facebook,https://es-la.facebook.com/ArgentinaEnRepublicaDominicana/
Dominican Republic,EDOMI,sitio_web,https://edomi.cancilleria.gob.ar
Dominican Republic,EDOMI,instagram,https://www.instagram.com/argentinaenrd/
Ecuador,EECUA,sitio_web,https://eecua.cancilleria.gob.ar
Ecuador,CGUAY,sitio_web,https://cguay.cancilleria.gob.ar
Ecuador,EECUA,facebook,https://www.facebook.com/Argentina-en-Ecuador-772092829594964/?ref=bookmarks
Ecuador,EECUA,instagram,https://instagram.com/argentinaenecuador?igshid=1pzlw4ojakxjh
Ecuador,EECUA,youtube,https://www.youtube.com/channel/UC7FnoaJNif8jQLyBb4QDKng
"Egypt, Arab Rep.",EEGIP,facebook,https://facebook.com/ArgentinaenEgipto
"Egypt, Arab Rep.",EEGIP,twitter,https://twitter.com/ARGenEgipto
"Egypt, Arab Rep.",EEGIP,sitio_web,https://eegip.cancilleria.gob.ar
"Egypt, Arab Rep.",EEGIP,instagram,https://instagram.com/argenegipto/
El Salvador,ESALV,twitter,https://twitter.com/ARGenElSalvador
El Salvador,ESALV,facebook,https://www.facebook.com/ArgentinaEnElSalvador/
El Salvador,ESALV,instagram,https://www.instagram.com/embargenelsalvador/
El Salvador,ESALV,sitio_web,https://esalv.cancilleria.gob.ar
Ethiopia,EETIO,facebook,https://www.facebook.com/ArgEnEtiopia/
Ethiopia,EETIO,sitio_web,https://eetio.cancilleria.gob.ar/
Ethiopia,EETIO,instagram,https://www.instagram.com/embaargenetiopia/
Finland,EFINL,sitio_web,https://efinl.cancilleria.gob.ar
Finland,EFINL,instagram,https://www.instagram.com/argenfinlandia/
Finland,EFINL,facebook,https://www.facebook.com/ArgentinaEnFinlandia/
France,EUNES,facebook,https://www.facebook.com/delegation.argentine/
France,EUNES,twitter,https://twitter.com/ArgentinaUNESCO
France,EUNES,sitio_web,https://www.eunes.mrecic.gov.ar
France,EFRAN,sitio_web,https://efran.mrecic.gov.ar
France,EFRAN,facebook,https://www.facebook.com/ArgentinaEnFrancia/
Germany,CBONN,facebook,https://www.facebook.com/ConsuladoArgentinoenBonn
Germany,CBONN,instagram,https://www.instagram.com/argentinaenbonn
Germany,EALEM,sitio_web,https://ealem.cancilleria.gob.ar
Germany,EALEM,instagram,https://www.instagram.com/argindeu/
Germany,EALEM,facebook,https://www.facebook.com/ArgEnAlemania/
Germany,CHAMB,sitio_web,https://chamb.cancilleria.gob.ar
Germany,CHAMB,facebook,https://www.facebook.com/ARGenHamburgo
Germany,CHAMB,instagram,https://www.instagram.com/consulado.argentino.hamburgo
Germany,CBONN,sitio_web,https://cbonn.cancilleria.gob.ar
Germany,CFRAN,sitio_web,https://www.cfran.mrecic.gov.ar
Greece,EGREC,facebook,https://www.facebook.com/ArgentinaEnGrecia
Greece,EGREC,youtube,https://www.youtube.com/channel/UCFaKsErEs33zEdzJbnrzOog/featured
Greece,EGREC,sitio_web,https://egrec.cancilleria.gov.ar
Guatemala,EGUAT,twitter,https://x.com/ARGenGuatemala
Guatemala,EGUAT,sitio_web,http://eguat.cancilleria.gov.ar/
Guatemala,EGUAT,instagram,https://www.instagram.com/argenguatemala/
Guatemala,EGUAT,facebook,https://www.facebook.com/emba.arge.7
Guyana,EGUYA,sitio_web,https://eguya.cancilleria.gov.ar
Haiti,EHAIT,sitio_web,http://ehait.mrecic.gov.ar
Honduras,EHOND,sitio_web,https://ehond.cancilleria.gob.ar
Hungary,EUNGR,sitio_web,https://eungr.cancilleria.gob.ar
Hungary,EUNGR,facebook,https://www.facebook.com/ArgentinaEnHungria
Hungary,EUNGR,twitter,https://twitter.com/EmbArgHungria
Hungary,EUNGR,instagram,https://www.instagram.com/argentinaenhungria/
India,CGMUM,sitio_web,https://cgmum.cancilleria.gob.ar/
India,EINDI,twitter,https://twitter.com/ArgentinaEnInd
India,EINDI,facebook,https://www.facebook.com/ArgentinaEnInd
India,EINDI,instagram,https://www.instagram.com/argentinaenind/
India,EINDI,sitio_web,https://eindi.cancilleria.gob.ar/
India,CGMUM,instagram,https://www.instagram.com/argenmumbai/
Indonesia,EISIA,sitio_web,https://www.eisia.mrecic.gov.ar
"Iran, Islamic Rep.",EIRAN,sitio_web,https://www.eiran.mrecic.gob.ar
Ireland,EIRLA,facebook,https://www.facebook.com/ArgentinaEnIrlanda/
Ireland,EIRLA,instagram,https://www.instagram.com/embajadaargentinairlanda
Ireland,EIRLA,sitio_web,https://eirla.cancilleria.gob.ar
Israel,EISRA,facebook,https://www.facebook.com/ArgEnIsrael
Israel,EISRA,twitter,https://twitter.com/argenisrael
Israel,EISRA,sitio_web,http://www.eisra.cancilleria.gov.ar/
Israel,CGTEL,facebook,https://www.facebook.com/ArgentinaEnIsrael/
Israel,CGTEL,sitio_web,http://cgtel.mrecic.gob.ar
Italy,CMILA,instagram,https://www.instagram.com/argenmilano/
Italy,CROMA,sitio_web,https://www.croma.mrecic.gov.ar
Italy,CMILA,youtube,https://www.youtube.com/channel/UCZdYeN4gttYEyX15xxkUNWQ
Italy,CMILA,sitio_web,https://cmila.cancilleria.gob.ar
Italy,EITAL,sitio_web,https://eital.cancilleria.gob.ar
Italy,EITAL,instagram,https://www.instagram.com/arginitalia/?hl=es
Italy,EITAL,twitter,https://twitter.com/arginitalia?lang=es
Italy,EITAL,facebook,https://es-la.facebook.com/emb.roma/
Italy,EMFAO,sitio_web,https://emfao.cancilleria.gob.ar
Jamaica,EJAMA,sitio_web,https://www.ejama.mrecic.gov.ar
Jamaica,EJAMA,twitter,https://twitter.com/ARGenJamaica
Jamaica,EJAMA,facebook,https://www.facebook.com/ArgentinaEnJamaica/
Japan,EJAPO,sitio_web,https://http:ejapo.mrecic.gov.ar
Japan,EJAPO,twitter,https://www.twitter.com/ARGenJapon_
Japan,EJAPO,facebook,https://www.facebook.com/ArgJapon/?ref=bookmarks
Japan,EJAPO,instagram,https://www.instagram.com/embajadaargentinaenjapon/
Kenya,EKENY,facebook,https://www.facebook.com/ArgentinaEnKenia
Kenya,EKENY,instagram,https://www.instagram.com/argenkenya/
Kenya,EKENY,sitio_web,https://ekeny.cancilleria.gob.ar/
Kenya,EKENY,twitter,https://twitter.com/ArgenKenya
"Korea, Rep.",ECORE,sitio_web,https://ecore.cancilleria.gob.ar/
"Korea, Rep.",ECORE,instagram,https://www.instagram.com/embajadaargentinaencorea1/?hl=es
"Korea, Rep.",ECORE,facebook,https://www.facebook.com/ArgentinaEnCorea/
Kuwait,EKUWA,facebook,https://www.facebook.com/ArgentinaenKuwait
Kuwait,EKUWA,sitio_web,https://ekuwa@mrecic.gov.ar
Lebanon,ELBNO,facebook,https://www.facebook.com/ArgentinaEnLibano
Lebanon,ELBNO,instagram,https://www.instagram.com/argentinaenlibano/
Lebanon,ELBNO,sitio_web,https://www.elbno.mrecic.gov.ar
Libya,ELBIA,sitio_web,https://etune.cancilleria.gob.ar/es
Malaysia,EMSIA,facebook,https://www.facebook.com/ArgentinaEnMalasia
Malaysia,EMSIA,sitio_web,https://emsia.cancilleria.gob.ar
Mexico,CMEXI,sitio_web,https://cmexi.cancilleria.gob.ar
Mexico,CPCAR,sitio_web,https://cpcar.cancilleria.gob.ar
Mexico,EMEXI,twitter,https://twitter.com/@ARGenMexico
Mexico,EMEXI,facebook,https://www.facebook.com/ARGenMexico/
Mexico,EMEXI,instagram,https://www.instagram.com/embargenmexico/
Mexico,EMEXI,youtube,https://www.youtube.com/user/EmbaArgenMX
Mexico,EMEXI,sitio_web,https://www.emexi.cancilleria.gob.ar
Morocco,EMARR,twitter,https://twitter.com/ArgMarruecos
Morocco,EMARR,instagram,https://www.instagram.com/argenmarruecos/
Morocco,EMARR,sitio_web,https://emarr.cancilleria.gob.ar
Mozambique,EMOZA,facebook,https://www.facebook.com/ArgentinaEnMozambique/
Mozambique,EMOZA,sitio_web,https://emoza.cancilleria.gob.ar
Netherlands,EPBAJ,sitio_web,https://www.epbaj.mrecic.gov.ar
Netherlands,EPBAJ,instagram,https://www.instagram.com/argenpaisesbajos/
Netherlands,EPBAJ,twitter,https://twitter.com/ArgentinaEnPB
Netherlands,EPBAJ,facebook,https://www.facebook.com/ArgEnPaisesBajos/
New Zealand,ENZEL,sitio_web,https://enzel.cancilleria.gob.ar
New Zealand,ENZEL,facebook,https://www.facebook.com/ArgentinaenNuevaZelandia/
Nicaragua,ENICA,sitio_web,https://enica.cancilleria.gob.ar
Nigeria,ENIGE,sitio_web,https://enige.cancilleria.gob.ar
Nigeria,ENIGE,facebook,https://www.facebook.com/ArgentinaEnNigeria/
Nigeria,ENIGE,instagram,https://www.instagram.com/embargennigeria/?igshid=f0laoeu8lhv8
Norway,ENORU,sitio_web,https://enoru.cancilleria.gob.ar/
Norway,ENORU,otro,https://www.linkedin.com/company/embajada-de-la-rep%C3%BAblica-argentina-ante-el-reino-de-noruega-argentine-embassy-to-norway
Norway,ENORU,twitter,https://x.com/arginnorway?lang=en
Norway,ENORU,instagram,https://www.instagram.com/arginnorway/
Norway,ENORU,facebook,https://www.facebook.com/ArgentinaEnNoruega/
Pakistan,EPAKI,sitio_web,https://epaki.cancilleria.gob.ar
Pakistan,EPAKI,instagram,https://www.instagram.com/argentinaenpakistan/
Panama,EPNMA,sitio_web,https://www.epnma.cancilleria.gob.ar
Paraguay,CENCA,sitio_web,https://www.cenca.mrecic.gov.ar
Paraguay,CCEST,instagram,https://www.instagram.com/argenciudaddeleste
Paraguay,CCEST,sitio_web,https://ccest.cancilleria.gov.ar/
Paraguay,CASUN,sitio_web,https://www.casun.mrecic.gov.ar
Paraguay,EPARA,sitio_web,https://epara.cancilleria.gov.ar
Paraguay,CCEST,facebook,https://www.facebook.com/ArgEnCiudaddeleste/
Paraguay,EPARA,facebook,https://www.facebook.com/embajada.paraguay
Paraguay,EPARA,twitter,https://twitter.com/argenparaguay_
Peru,EPERU,sitio_web,https://www.eperu.mrecic.gov.ar
Peru,EPERU,twitter,https://twitter.com/Emb_Arg_Peru
Peru,EPERU,facebook,https://www.facebook.com/ArgentinaEnPeru
Peru,CLIMA,sitio_web,https://clima.cancilleria.gob.ar
Philippines,EFILI,instagram,https://www.instagram.com/argentinaenfilipinas/
Philippines,EFILI,twitter,https://twitter.com/ArgentinaEnFili
Philippines,EFILI,sitio_web,https://efili.cancilleria.gob.ar
Philippines,EFILI,facebook,https://www.facebook.com/ArgentinaEnFilipinas
Poland,EPOLO,facebook,https://www.facebook.com/profile.php?id=61560600343776
Poland,EPOLO,sitio_web,https://epolo.cancilleria.gob.ar
Portugal,EPORT,sitio_web,https://eport.mrecic.gov.ar
Qatar,EQATR,sitio_web,https://eqatr.mrecic.gov.ar
Romania,ERUMA,facebook,https://www.facebook.com/ArgentinaEnRumania
Romania,ERUMA,sitio_web,https://eruma.cancilleria.gob.ar/
Russian Federation,EFRUS,sitio_web,https://efrus.cancilleria.gob.ar
Russian Federation,EFRUS,twitter,https://twitter.com/EmbArgRusia
Russian Federation,EFRUS,facebook,https://www.facebook.com/EMBAJADAARGENTINAENMOSCU
Saudi Arabia,EARAB,twitter,https://twitter.com/ensaudita
Saudi Arabia,EARAB,facebook,https://www.facebook.com/argentinaenarabiasaudita/
Saudi Arabia,EARAB,instagram,https://www.instagram.com/arginsaudi/
Saudi Arabia,EARAB,sitio_web,http://earab.mrecic.gov.ar
Senegal,ESENE,sitio_web,https://esene.cancilleria.gob.ar/
Serbia,ESERB,sitio_web,https://eserb.cancilleria.gob.ar
Singapore,ESING,twitter,https://twitter.com/ARGinSingapore
Singapore,ESING,instagram,https://instagram.com/argentine_embassy_singapore?igshid=YmMyMTA2M2Y=
Singapore,ESING,sitio_web,https://esing.cancilleria.gob.ar
South Africa,ESAFR,instagram,https://www.instagram.com/argentinaensudafrica
South Africa,CJOHA,sitio_web,http://www.cjoha.mrecic.gob.ar
South Africa,ESAFR,facebook,https://facebook.com/ArgenSudafrica
South Africa,ESAFR,twitter,https://twitter.com/EmbArgentina
South Africa,ESAFR,sitio_web,http://esafr.mrecic.gov.ar/
Spain,CBARC,sitio_web,https://cbarc.cancilleria.gob.ar/
Spain,CMADR,instagram,https://www.instagram.com/consuladoargentinoenmadrid?igsh=MW1wMHQzbzhqMGwwbw==
Spain,CTENE,sitio_web,https://www.ctene.cancilleria.gov.ar
Spain,CTENE,facebook,https://www.facebook.com/argentinaentenerife
Spain,CMADR,sitio_web,https://cmadr.cancilleria.gob.ar
Spain,CBARC,youtube,https://www.youtube.com/@consuladoargentinoenbarcel2664
Spain,CCADI,sitio_web,https://ccadi.cancilleria.gob.ar/
Spain,CBARC,instagram,https://www.instagram.com/argenbarcelona/
Spain,CMALL,sitio_web,https://cmall.mrecic.gov.ar
Spain,CMALL,instagram,https://www.instagram.com/argentinaenpalmademallorca/
Spain,CMALL,facebook,https://www.facebook.com/ArgentinaEnPalmaDeMallorca
Spain,EESPA,facebook,https://www.facebook.com/argenespa/
Spain,EESPA,instagram,https://www.instagram.com/argenespa/
Spain,EESPA,otro,https://www.linkedin.com/company/83543239/admin/dashboard/
Spain,CVIGO,facebook,https://www.facebook.com/ArgentinaenVigo
Spain,EESPA,sitio_web,https://eespa.cancilleria.gob.ar/
Spain,CCADI,facebook,https://www.facebook.com/ArgentinaEnCadiz
Spain,CBARC,facebook,https://www.facebook.com/ArgEnBarcelona/
Spain,CBARC,twitter,https://twitter.com/argenbarcelona
Spain,CBARC,otro,https://www.linkedin.com/company/consulado-y-centro-de-promoci%C3%B3n-de-la-republica-argentina-en-barcelona
Spain,CVIGO,instagram,https://www.instagram.com/argenvigo/
Spain,CVIGO,sitio_web,http://cvigo.cancilleria.gob.ar
Spain,CMADR,facebook,https://www.facebook.com/ArgentinaEnMadridEsp/
Spain,EESPA,twitter,https://twitter.com/ARGenesp
St. Lucia,ELUCI,sitio_web,https://eluci.cancilleria.gob.ar
Suriname,ESURI,sitio_web,https://esuri.cancilleria.gob.ar
Sweden,ESUEC,sitio_web,https://www.esuec.mrecic.gov.ar
Sweden,ESUEC,instagram,https://www.instagram.com/arginsweden/
Sweden,ESUEC,facebook,https://www.facebook.com/arginsweden/
Sweden,ESUEC,otro,https://www.linkedin.com/company/argentinainsweden/
Switzerland,EOIRS,youtube,https://www.youtube.com/channel/UCSOsChik8j7nFJZnPq6K7Ag
Switzerland,EOIRS,sitio_web,https://www.eoirs.cancilleria.gov.ar
Switzerland,EOIRS,twitter,https://twitter.com/ArgentinaONUOMC
Switzerland,EOIRS,instagram,https://www.instagram.com/mision.argentina/
Switzerland,EOIRS,facebook,https://www.facebook.com/ArgentinaEnGinebra
Switzerland,ESUIZ,sitio_web,https://esuiz.cancilleria.gob.ar
Syrian Arab Republic,EASIR,facebook,https://www.facebook.com/Embajada-Argentina-en-Siria-112176794025495
Syrian Arab Republic,EASIR,sitio_web,https://www.easir.cancilleria.gob.ar
Thailand,ETAIL,facebook,https://www.facebook.com/Embajada.Argentina.Tailandia/
Thailand,ETAIL,sitio_web,https://etail.cancilleria.gob.ar
Trinidad and Tobago,ETRIN,facebook,https://www.facebook.com/ArgentinaEnTrinidadYTobago
Trinidad and Tobago,ETRIN,sitio_web,https://www.etrin.mrecic.gov.ar
Tunisia,ETUNE,sitio_web,https://etune.cancilleria.gob.ar
Tunisia,ETUNE,facebook,https://www.facebook.com/ArgEnTunez/
Tunisia,ETUNE,twitter,https://www.twitter.com/EmbajadaTunez
Tunisia,ETUNE,instagram,https://www.instagram.com/embargentinatn
Tunisia,ETUNE,youtube,https://www.youtube.com/channel/UC8kSZug1SPHrp3r1hGzhjtg
Turkiye,CGEST,facebook,https://www.facebook.com/ArgentinaEnEstambul
Turkiye,ETURQ,sitio_web,https://eturq.cancilleria.gob.ar
Turkiye,CGEST,instagram,https://www.instagram.com/consuladoargentinoenestambul/
Turkiye,CGEST,sitio_web,https://cgest.cancilleria.gob.ar
Ukraine,EUCRA,facebook,https://www.facebook.com/ArgentinaEnUcrania
Ukraine,EUCRA,sitio_web,https://eucra.cancilleria.gob.ar
Ukraine,EUCRA,instagram,https://www.instagram.com/argenucrania/
United Arab Emirates,EEARB,facebook,https://www.facebook.com/ArgentinaEnEmiratosArabesUnidos
United Arab Emirates,EEARB,sitio_web,https://eearb.mrecic.gov.ar
United Kingdom,CLOND,sitio_web,https://www.clond.cancilleria.gob.ar
United Kingdom,ERUNI,sitio_web,https://eruni.cancilleria.gob.ar
United Kingdom,ERUNI,youtube,https://www.youtube.com/channel/UCzaGU10f-77SR56kini9-1g/videos?view_as=subscriber
United Kingdom,ERUNI,instagram,https://www.instagram.com/arginuk/
United Kingdom,ERUNI,otro,https://www.flickr.com/photos/138300767@N07/albums
United Kingdom,ERUNI,facebook,https://www.facebook.com/ARGinUK/
United Kingdom,ERUNI,twitter,https://twitter.com/ARGinUK
United Kingdom,CLOND,instagram,https://www.instagram.com/consuladoargentinoenlondres/
United States,CMIAM,facebook,https://es-la.facebook.com/consuladoargentino.miami/
United States,CMIAM,sitio_web,https://www.cmiam.cancilleria.gov.ar
United States,CNYOR,twitter,https://twitter.com/ARGenNewYork
United States,CNYOR,instagram,https://www.instagram.com/argennewyork/
United States,CNYOR,facebook,https://www.facebook.com/ARGenNewYork
United States,CHOUS,twitter,https://x.com/ARGENHOUSTON
United States,CHOUS,facebook,https://www.facebook.com/ArgentinaEnHouston/
United States,EEEUU,twitter,https://twitter.com/ARGinUSA
United States,EEEUU,facebook,https://www.facebook.com/ARGinUSA/
United States,EEEUU,instagram,https://www.instagram.com/ARGinUSA/
United States,EEEUU,otro,https://www.flickr.com/photos/ARGinUSA/
United States,EEEUU,youtube,https://www.youtube.com/ARGinUSA
United States,EEEUU,otro,https://www.linkedin.com/in/ARGinUSA
United States,CMIAM,twitter,https://x.com/argenmiami/
United States,CNYOR,youtube,https://www.youtube.com/@ARGenNewYork
United States,EEEUU,sitio_web,https://eeeuu.cancilleria.gob.ar/
United States,CNYOR,otro,https://www.linkedin.com/company/argennewyork
United States,CNYOR,sitio_web,https://cnyor.cancilleria.gob.ar
United States,CATLA,sitio_web,https://www.catla.mrecic.gov.ar
United States,CCHIC,sitio_web,https://cchic.cancilleria.gob.ar/
United States,CCHIC,youtube,https://www.youtube.com/channel/UCjZ3a6zTr156aP_zg-1lQfQ/featured
United States,CCHIC,facebook,https://www.facebook.com/ArgentinaEnChicago
United States,CLANG,facebook,https://www.facebook.com/ArgentinaEnLosAngeles/
United States,EEOEA,facebook,https://www.facebook.com/ARGenOEA/
United States,EEOEA,instagram,https://www.instagram.com/argenoea/
United States,EEOEA,twitter,https://www.twitter.com/ARGenOEA
United States,EEOEA,youtube,https://www.youtube.com/channel/UCqjmCa0UfL3_I3Ovqz5ZAag/featured
United States,EEOEA,sitio_web,https://www.eeoea.mrecic.gov.ar
United States,CLANG,instagram,https://www.instagram.com/arg_clang/
United States,CLANG,twitter,https://twitter.com/arg_clang
United States,CATLA,instagram,https://instagram.com/ARGenAtlanta
United States,CATLA,otro,https://www.linkedin.com/company/ARGenAtlanta
United States,CATLA,facebook,https://facebook.com/ARGenAtlanta
United States,CCHIC,twitter,https://twitter.com/argenchicago
United States,CLANG,sitio_web,https://clang.cancilleria.gob.ar
United States,ENAUN,sitio_web,https://enaun.mrecic.gov.ar
United States,ENAUN,twitter,https://twitter.com/ArgentinaUN
United States,CATLA,twitter,https://x.com/ARGenAtlanta
United States,CHOUS,sitio_web,https://www.chous.mrecic.gov.ar
United States,CHOUS,instagram,https://www.instagram.com/consuladoarghouston/
United States,CMIAM,instagram,https://instagram.com/consuladoargentinomia/
Uruguay,EMSUR,sitio_web,https://eurug.cancilleria.gov.ar
Uruguay,CMDEO,sitio_web,https://cmdeo.mrecic.gov.ar
Uruguay,CMALD,instagram,https://www.instagram.com/consulado_argentino/
Uruguay,CMALD,sitio_web,https://cmald.cancilleria.gov.ar
Uruguay,CPAYS,sitio_web,https://www.cpays.mrecic.gov.ar
Uruguay,CCOLO,sitio_web,https://ccolo.mrecic.gov.ar
Uruguay,CFBEN,sitio_web,https://cfben.cancilleria.gov.ar
Uruguay,CCOLO,facebook,https://www.facebook.com/ArgentinaenColonia
Uruguay,CMDEO,instagram,https://www.instagram.com/consuladoargenmontevideo
Uruguay,CSLTO,sitio_web,https://www.cslto.mrecic.gov.ar
Uruguay,CMDEO,facebook,https://www.facebook.com/ArgentinaEnMontevideo/
Uruguay,EURUG,twitter,https://twitter.com/ArgentinaEnUru
Uruguay,EURUG,facebook,https://www.facebook.com/ArgentinaEnUru/
Uruguay,EURUG,instagram,https://www.instagram.com/argentinaenuru/
Uruguay,EURUG,sitio_web,https://eurug.mrecic.gov.ar
Uruguay,CMALD,facebook,https://www.facebook.com/pg/ConsuladoArgentinoenMaldonado/posts/?ref=page_internal
"Venezuela, RB",EVENE,facebook,https://www.facebook.com/EmbajadaArgentinaEnVenezuela
"Venezuela, RB",EVENE,instagram,https://www.instagram.com/argenvenezuela/
"Venezuela, RB",EVENE,sitio_web,http://www.evene.mrecic.gov.ar
"Venezuela, RB",EVENE,twitter,https://twitter.com/argenvenezuela?lang=es
Viet Nam,EVIET,instagram,https://www.instagram.com/argenvietnam/
Viet Nam,EVIET,sitio_web,https://eviet.cancilleria.gob.ar
Viet Nam,EVIET,facebook,https://www.facebook.com/ArgentinaEnVietnam/
West Bank and Gaza,REPAL,sitio_web,https://repal.mrecic.gov.ar
West Bank and Gaza,REPAL,facebook,https://www.facebook.com/ArgEnPalestina
